"","Depart","Arrivee","HeureDepart","HeureArrivee","ALheure","Retard","EnsembleMessage","date"
"1","ROUEN-RIVE-DROITE","PARIS-ST-LAZARE","05h14","06h54","A l'heure",0,"","17 janvier 2024%"
"2","ROUEN-RIVE-DROITE","PARIS-ST-LAZARE","05h43","07h18","A l'heure",0,"","17 janvier 2024%"
"3","LE HAVRE","PARIS-ST-LAZARE","05h17","07h39","A l'heure",0,"","17 janvier 2024%"
"4","ROUEN-RIVE-DROITE","PARIS-ST-LAZARE","06h04","07h51","A l'heure",0,"","17 janvier 2024%"
"5","VERNON-GIVERNY","PARIS-ST-LAZARE","07h02","08h08","A l'heure",0,"","17 janvier 2024%"
"6","ROUEN-RIVE-DROITE","PARIS-ST-LAZARE","06h33","08h16","A l'heure",0,"","17 janvier 2024%"
"7","VERNON-GIVERNY","PARIS-ST-LAZARE","07h22","08h28","A l'heure",0,"","17 janvier 2024%"
"8","ROUEN-RIVE-DROITE","PARIS-ST-LAZARE","06h57","08h36","A l'heure",0,"","17 janvier 2024%"
"9","LE HAVRE","PARIS-ST-LAZARE","06h27","08h39","A l'heure",0,"","17 janvier 2024%"
"10","ROUEN-RIVE-DROITE","PARIS-ST-LAZARE","07h37","09h17","A l'heure",0,"","17 janvier 2024%"
"11","LE HAVRE","PARIS-ST-LAZARE","07h05","09h20","A l'heure",0,"","17 janvier 2024%"
"12","ROUEN-RIVE-DROITE","PARIS-ST-LAZARE","08h14","09h49","A l'heure",0,"","17 janvier 2024%"
"13","LE HAVRE","PARIS-ST-LAZARE","08h03","10h23","A l'heure",0,"","17 janvier 2024%"
"14","ROUEN-RIVE-DROITE","PARIS-ST-LAZARE","09h12","10h48","A l'heure",0,"","17 janvier 2024%"
"15","ROUEN-RIVE-DROITE","PARIS-ST-LAZARE","10h11","11h48","A l'heure",0,"","17 janvier 2024%"
"16","LE HAVRE","PARIS-ST-LAZARE","10h03","12h23","A l'heure",0,"","17 janvier 2024%"
"17","ROUEN-RIVE-DROITE","PARIS-ST-LAZARE","12h11","13h48","A l'heure",0,"","17 janvier 2024%"
"18","LE HAVRE","PARIS-ST-LAZARE","12h03","14h23","A l'heure",0,"","17 janvier 2024%"
"19","ROUEN-RIVE-DROITE","PARIS-ST-LAZARE","13h09","14h48","A l'heure",0,"","17 janvier 2024%"
"20","LE HAVRE","PARIS-ST-LAZARE","13h09","15h18","A l'heure",0,"","17 janvier 2024%"
"21","LE HAVRE","PARIS-ST-LAZARE","14h03","16h23","A l'heure",0,"","17 janvier 2024%"
"22","LE HAVRE","PARIS-ST-LAZARE","15h03","17h20","A l'heure",0,"","17 janvier 2024%"
"23","ROUEN-RIVE-DROITE","PARIS-ST-LAZARE","16h09","17h51","A l'heure",0,"","17 janvier 2024%"
"24","ROUEN-RIVE-DROITE","PARIS-ST-LAZARE","17h09","18h49","Non",13,"","17 janvier 2024%"
"25","LE HAVRE","PARIS-ST-LAZARE","17h03","19h20","A l'heure",0,"","17 janvier 2024%"
"26","ROUEN-RIVE-DROITE","PARIS-ST-LAZARE","18h09","19h49","A l'heure",0,"","17 janvier 2024%"
"27","LE HAVRE","PARIS-ST-LAZARE","18h01","20h23","A l'heure",0,"","17 janvier 2024%"
"28","ROUEN-RIVE-DROITE","PARIS-ST-LAZARE","19h13","20h49","A l'heure",0,"","17 janvier 2024%"
"29","LE HAVRE","PARIS-ST-LAZARE","19h02","21h20","A l'heure",0,"","17 janvier 2024%"
"30","ROUEN-RIVE-DROITE","PARIS-ST-LAZARE","20h09","21h50","Non",44,"","17 janvier 2024%"
"31","LE HAVRE","PARIS-ST-LAZARE","20h03","22h23","A l'heure",0,"","17 janvier 2024%"
"32","PARIS-ST-LAZARE","ROUEN-RIVE-DROITE","05h46","07h20","A l'heure",0,"","17 janvier 2024%"
"33","PARIS-ST-LAZARE","ROUEN-RIVE-DROITE","06h09","07h48","A l'heure",0,"","17 janvier 2024%"
"34","PARIS-ST-LAZARE","LE HAVRE","06h40","08h48","A l'heure",0,"","17 janvier 2024%"
"35","PARIS-ST-LAZARE","ROUEN-RIVE-DROITE","07h12","08h48","A l'heure",0,"","17 janvier 2024%"
"36","PARIS-ST-LAZARE","LE HAVRE","07h40","09h58","A l'heure",0,"","17 janvier 2024%"
"37","PARIS-ST-LAZARE","ROUEN-RIVE-DROITE","08h14","09h46","Non",11,"","17 janvier 2024%"
"38","PARIS-ST-LAZARE","LE HAVRE","08h40","10h58","A l'heure",0,"","17 janvier 2024%"
"39","PARIS-ST-LAZARE","ROUEN-RIVE-DROITE","10h11","11h44","A l'heure",0,"","17 janvier 2024%"
"40","PARIS-ST-LAZARE","LE HAVRE","10h40","12h58","A l'heure",0,"","17 janvier 2024%"
"41","PARIS-ST-LAZARE","ROUEN-RIVE-DROITE","12h12","13h50","A l'heure",0,"","17 janvier 2024%"
"42","PARIS-ST-LAZARE","LE HAVRE","12h39","14h58","A l'heure",0,"","17 janvier 2024%"
"43","PARIS-ST-LAZARE","LE HAVRE","13h40","15h48","A l'heure",0,"","17 janvier 2024%"
"44","PARIS-ST-LAZARE","ROUEN-RIVE-DROITE","14h12","15h41","A l'heure",0,"","17 janvier 2024%"
"45","PARIS-ST-LAZARE","LE HAVRE","14h40","16h58","A l'heure",0,"","17 janvier 2024%"
"46","PARIS-ST-LAZARE","LE HAVRE","15h40","17h58","A l'heure",0,"","17 janvier 2024%"
"47","PARIS-ST-LAZARE","ROUEN-RIVE-DROITE","16h11","17h47","A l'heure",0,"","17 janvier 2024%"
"48","PARIS-ST-LAZARE","LE HAVRE","16h40","18h58","A l'heure",0,"","17 janvier 2024%"
"49","PARIS-ST-LAZARE","ROUEN-RIVE-DROITE","16h50","18h31","A l'heure",0,"","17 janvier 2024%"
"50","PARIS-ST-LAZARE","ROUEN-RIVE-DROITE","17h12","18h50","A l'heure",0,"","17 janvier 2024%"
"51","PARIS-ST-LAZARE","LE HAVRE","17h40","20h00","A l'heure",0,"","17 janvier 2024%"
"52","PARIS-ST-LAZARE","ROUEN-RIVE-DROITE","17h49","19h25","A l'heure",0,"","17 janvier 2024%"
"53","PARIS-ST-LAZARE","VERNON-GIVERNY","17h52","18h58","A l'heure",0,"","17 janvier 2024%"
"54","PARIS-ST-LAZARE","ROUEN-RIVE-DROITE","18h11","19h54","A l'heure",0,"","17 janvier 2024%"
"55","PARIS-ST-LAZARE","VERNON-GIVERNY","18h21","19h29","A l'heure",0,"","17 janvier 2024%"
"56","PARIS-ST-LAZARE","LE HAVRE","18h40","21h00","A l'heure",0,"","17 janvier 2024%"
"57","PARIS-ST-LAZARE","ROUEN-RIVE-DROITE","18h50","20h26","Non",19,"","17 janvier 2024%"
"58","PARIS-ST-LAZARE","ROUEN-RIVE-DROITE","19h11","20h47","Non",8,"","17 janvier 2024%"
"59","PARIS-ST-LAZARE","LE HAVRE","19h40","21h55","A l'heure",0,"","17 janvier 2024%"
"60","PARIS-ST-LAZARE","ROUEN-RIVE-DROITE","20h12","21h49","A l'heure",0,"","17 janvier 2024%"
"61","PARIS-ST-LAZARE","LE HAVRE","20h40","22h55","A l'heure",0,"","17 janvier 2024%"
"62","PARIS-ST-LAZARE","ROUEN-RIVE-DROITE","21h12","22h44","A l'heure",0,"","17 janvier 2024%"
"63","SERQUIGNY","PARIS-ST-LAZARE","04h38","06h28","Non",7,"","17 janvier 2024%"
"64","CAEN","PARIS-ST-LAZARE","04h59","07h15","A l'heure",0,"","17 janvier 2024%"
"65","SERQUIGNY","PARIS-ST-LAZARE","05h27","07h28","A l'heure",0,"","17 janvier 2024%"
"66","CAEN","PARIS-ST-LAZARE","06h09","08h19","A l'heure",0,"","17 janvier 2024%"
"67","SERQUIGNY","PARIS-ST-LAZARE","06h57","08h50","Non",12,"","17 janvier 2024%"
"68","CHERBOURG","PARIS-ST-LAZARE","05h49","08h58","A l'heure",0,"","17 janvier 2024%"
"69","TROUVILLE-DEAUVILLE","PARIS-ST-LAZARE","07h25","09h38","A l'heure",0,"","17 janvier 2024%"
"70","CHERBOURG","PARIS-ST-LAZARE","06h46","09h57","A l'heure",0,"","17 janvier 2024%"
"71","CAEN","PARIS-ST-LAZARE","08h25","10h32","A l'heure",0,"","17 janvier 2024%"
"72","CAEN","PARIS-ST-LAZARE","09h06","11h04","A l'heure",0,"","17 janvier 2024%"
"73","CHERBOURG","PARIS-ST-LAZARE","08h54","12h02","A l'heure",0,"","17 janvier 2024%"
"74","TROUVILLE-DEAUVILLE","PARIS-ST-LAZARE","10h22","12h32","A l'heure",0,"","17 janvier 2024%"
"75","CHERBOURG","PARIS-ST-LAZARE","10h48","14h02","A l'heure",0,"","17 janvier 2024%"
"76","CHERBOURG","PARIS-ST-LAZARE","12h48","15h56","A l'heure",0,"","17 janvier 2024%"
"77","CAEN","PARIS-ST-LAZARE","14h25","16h31","A l'heure",0,"","17 janvier 2024%"
"78","CAEN","PARIS-ST-LAZARE","16h57","19h01","A l'heure",0,"","17 janvier 2024%"
"79","TROUVILLE-DEAUVILLE","PARIS-ST-LAZARE","17h22","19h30","A l'heure",0,"","17 janvier 2024%"
"80","CHERBOURG","PARIS-ST-LAZARE","16h47","19h56","A l'heure",0,"","17 janvier 2024%"
"81","CHERBOURG","PARIS-ST-LAZARE","17h39","21h03","A l'heure",0,"","17 janvier 2024%"
"82","CHERBOURG","PARIS-ST-LAZARE","19h17","23h24","A l'heure",0,"","17 janvier 2024%"
"83","PARIS-ST-LAZARE","CHERBOURG","06h12","09h36","A l'heure",0,"","17 janvier 2024%"
"84","PARIS-ST-LAZARE",NA,"07h09","08h24","A l'heure",0,"","17 janvier 2024%"
"85","PARIS-ST-LAZARE","TROUVILLE-DEAUVILLE","07h27","09h40","A l'heure",0,"","17 janvier 2024%"
"86","PARIS-ST-LAZARE","CAEN","08h29","10h36","A l'heure",0,"","17 janvier 2024%"
"87","PARIS-ST-LAZARE",NA,"09h10","10h24","A l'heure",0,"","17 janvier 2024%"
"88","PARIS-ST-LAZARE","CAEN","09h59","12h03","A l'heure",0,"","17 janvier 2024%"
"89","PARIS-ST-LAZARE","CHERBOURG","10h59","14h06","A l'heure",0,"","17 janvier 2024%"
"90","PARIS-ST-LAZARE","SERQUIGNY","11h09","12h59","A l'heure",0,"","17 janvier 2024%"
"91","PARIS-ST-LAZARE","TROUVILLE-DEAUVILLE","12h30","14h37","A l'heure",0,"","17 janvier 2024%"
"92","PARIS-ST-LAZARE","CHERBOURG","12h59","16h06","A l'heure",0,"","17 janvier 2024%"
"93","PARIS-ST-LAZARE",NA,"13h10","14h25","A l'heure",0,"","17 janvier 2024%"
"94","PARIS-ST-LAZARE","CAEN","13h56","16h02","A l'heure",0,"","17 janvier 2024%"
"95","PARIS-ST-LAZARE",NA,"15h09","16h24","A l'heure",0,"","17 janvier 2024%"
"96","PARIS-ST-LAZARE","CHERBOURG","15h58","19h06","A l'heure",0,"","17 janvier 2024%"
"97","PARIS-ST-LAZARE","TROUVILLE-DEAUVILLE","16h08","18h20","A l'heure",0,"","17 janvier 2024%"
"98","PARIS-ST-LAZARE","SERQUIGNY","16h30","18h16","A l'heure",0,"","17 janvier 2024%"
"99","PARIS-ST-LAZARE","CHERBOURG","16h59","20h16","A l'heure",0,"","17 janvier 2024%"
"100","PARIS-ST-LAZARE","CAEN","17h09","19h16","A l'heure",0,"","17 janvier 2024%"
"101","PARIS-ST-LAZARE","SERQUIGNY","17h30","19h20","A l'heure",0,"","17 janvier 2024%"
"102","PARIS-ST-LAZARE","CHERBOURG","17h59","21h15","Non",0,"Conséquence du heurt d'un chevreuil par le train n°3324 au 21h15 + 22 min","17 janvier 2024%"
"103","PARIS-ST-LAZARE","CAEN","18h08","20h21","A l'heure",0,"","17 janvier 2024%"
"104","PARIS-ST-LAZARE","SERQUIGNY","18h30","20h20","A l'heure",0,"","17 janvier 2024%"
"105","PARIS-ST-LAZARE","CHERBOURG","18h59","22h20","A l'heure",0,"","17 janvier 2024%"
"106","PARIS-ST-LAZARE","TROUVILLE-DEAUVILLE","19h08","21h23","Non",66,"","17 janvier 2024%"
"107","PARIS-ST-LAZARE",NA,"19h30","20h49","A l'heure",0,"","17 janvier 2024%"
"108","PARIS-ST-LAZARE","CAEN","19h59","22h02","A l'heure",0,"","17 janvier 2024%"
"109","PARIS-ST-LAZARE","CHERBOURG","20h59","00h14","A l'heure",0,"","17 janvier 2024%"
"110","ARGENTAN","PARIS-VAUGIRARD","06h12","08h16","A l'heure",0,"","17 janvier 2024%"
"111","GRANVILLE","PARIS-MONTPARNASSE","05h56","09h17","A l'heure",0,"","17 janvier 2024%"
"112","GRANVILLE","PARIS-MONTPARNASSE","09h00","12h06","A l'heure",0,"","17 janvier 2024%"
"113","ARGENTAN","PARIS-VAUGIRARD","12h12","14h15","A l'heure",0,"","17 janvier 2024%"
"114","GRANVILLE","PARIS-MONTPARNASSE","11h56","15h06","A l'heure",0,"","17 janvier 2024%"
"115","GRANVILLE","PARIS-MONTPARNASSE","15h53","19h15","A l'heure",0,"","17 janvier 2024%"
"116","GRANVILLE","PARIS-MONTPARNASSE","18h50","22h06","A l'heure",0,"","17 janvier 2024%"
"117","PARIS-MONTPARNASSE","GRANVILLE","07h32","10h50","A l'heure",0,"","17 janvier 2024%"
"118","PARIS-MONTPARNASSE","ARGENTAN","09h45","11h40","A l'heure",0,"","17 janvier 2024%"
"119","PARIS-MONTPARNASSE","GRANVILLE","10h54","13h54","A l'heure",0,"","17 janvier 2024%"
"120","PARIS-MONTPARNASSE","GRANVILLE","13h54","17h00","A l'heure",0,"","17 janvier 2024%"
"121","PARIS-VAUGIRARD","GRANVILLE","17h13","20h39","A l'heure",0,"","17 janvier 2024%"
"122","PARIS-MONTPARNASSE","ARGENTAN","18h13","20h21","A l'heure",0,"","17 janvier 2024%"
"123","PARIS-MONTPARNASSE","GRANVILLE","19h43","23h05","A l'heure",0,"","17 janvier 2024%"
"124","ROUEN-RIVE-DROITE","PARIS-ST-LAZARE","05h14","06h54","Non",14,"","18 janvier 2024%"
"125","ROUEN-RIVE-DROITE","PARIS-ST-LAZARE","05h43","07h18","Non",29,"","18 janvier 2024%"
"126","LE HAVRE","PARIS-ST-LAZARE","05h17","07h39","Non",6,"","18 janvier 2024%"
"127","ROUEN-RIVE-DROITE","PARIS-ST-LAZARE","06h04","07h51","Supprimé",0,"","18 janvier 2024%"
"128","VERNON-GIVERNY","PARIS-ST-LAZARE","07h02","08h08","A l'heure",0,"","18 janvier 2024%"
"129","ROUEN-RIVE-DROITE","PARIS-ST-LAZARE","06h33","08h16","Non",37,"","18 janvier 2024%"
"130","VERNON-GIVERNY","PARIS-ST-LAZARE","07h22","08h28","A l'heure",0,"","18 janvier 2024%"
"131","ROUEN-RIVE-DROITE","PARIS-ST-LAZARE","06h57","08h36","Non",46,"","18 janvier 2024%"
"132","LE HAVRE","PARIS-ST-LAZARE","06h27","08h39","Non",19,"","18 janvier 2024%"
"133","ROUEN-RIVE-DROITE","PARIS-ST-LAZARE","07h37","09h17","Non",9,"","18 janvier 2024%"
"134","LE HAVRE","PARIS-ST-LAZARE","07h05","09h20","Non",7,"","18 janvier 2024%"
"135","ROUEN-RIVE-DROITE","PARIS-ST-LAZARE","08h14","09h49","Non",14,"","18 janvier 2024%"
"136","LE HAVRE","PARIS-ST-LAZARE","08h03","10h23","A l'heure",0,"","18 janvier 2024%"
"137","ROUEN-RIVE-DROITE","PARIS-ST-LAZARE","09h12","10h48","Non",18,"","18 janvier 2024%"
"138","ROUEN-RIVE-DROITE","PARIS-ST-LAZARE","10h11","11h48","Non",39,"","18 janvier 2024%"
"139","LE HAVRE","PARIS-ST-LAZARE","10h03","12h23","A l'heure",0,"","18 janvier 2024%"
"140","ROUEN-RIVE-DROITE","PARIS-ST-LAZARE","12h11","13h48","Supprimé",0,"","18 janvier 2024%"
"141","LE HAVRE","PARIS-ST-LAZARE","12h03","14h23","A l'heure",0,"","18 janvier 2024%"
"142","ROUEN-RIVE-DROITE","PARIS-ST-LAZARE","13h09","14h48","A l'heure",0,"","18 janvier 2024%"
"143","LE HAVRE","PARIS-ST-LAZARE","13h09","15h18","A l'heure",0,"","18 janvier 2024%"
"144","LE HAVRE","PARIS-ST-LAZARE","14h03","16h23","A l'heure",0,"","18 janvier 2024%"
"145","LE HAVRE","PARIS-ST-LAZARE","15h03","17h20","A l'heure",0,"","18 janvier 2024%"
"146","ROUEN-RIVE-DROITE","PARIS-ST-LAZARE","16h09","17h51","A l'heure",0,"","18 janvier 2024%"
"147","ROUEN-RIVE-DROITE","PARIS-ST-LAZARE","17h09","18h49","A l'heure",0,"","18 janvier 2024%"
"148","LE HAVRE","PARIS-ST-LAZARE","17h03","19h20","A l'heure",0,"","18 janvier 2024%"
"149","ROUEN-RIVE-DROITE","PARIS-ST-LAZARE","18h09","19h49","A l'heure",0,"","18 janvier 2024%"
"150","LE HAVRE","PARIS-ST-LAZARE","18h01","20h23","A l'heure",0,"","18 janvier 2024%"
"151","ROUEN-RIVE-DROITE","PARIS-ST-LAZARE","19h13","20h49","A l'heure",0,"","18 janvier 2024%"
"152","LE HAVRE","PARIS-ST-LAZARE","19h02","21h20","A l'heure",0,"","18 janvier 2024%"
"153","ROUEN-RIVE-DROITE","PARIS-ST-LAZARE","20h09","21h50","A l'heure",0,"","18 janvier 2024%"
"154","LE HAVRE","PARIS-ST-LAZARE","20h03","22h23","A l'heure",0,"","18 janvier 2024%"
"155","PARIS-ST-LAZARE","ROUEN-RIVE-DROITE","05h46","07h20","A l'heure",0,"","18 janvier 2024%"
"156","PARIS-ST-LAZARE","ROUEN-RIVE-DROITE","06h09","07h48","A l'heure",0,"","18 janvier 2024%"
"157","PARIS-ST-LAZARE","LE HAVRE","06h40","08h48","A l'heure",0,"","18 janvier 2024%"
"158","PARIS-ST-LAZARE","ROUEN-RIVE-DROITE","07h12","08h48","Non",18,"","18 janvier 2024%"
"159","PARIS-ST-LAZARE","LE HAVRE","07h40","09h58","Non",35,"","18 janvier 2024%"
"160","PARIS-ST-LAZARE","ROUEN-RIVE-DROITE","08h14","09h46","Supprimé",0,"","18 janvier 2024%"
"161","PARIS-ST-LAZARE","LE HAVRE","08h40","10h58","A l'heure",0,"","18 janvier 2024%"
"162","PARIS-ST-LAZARE","ROUEN-RIVE-DROITE","10h11","11h44","Non",30,"","18 janvier 2024%"
"163","PARIS-ST-LAZARE","LE HAVRE","10h40","12h58","A l'heure",0,"","18 janvier 2024%"
"164","PARIS-ST-LAZARE","ROUEN-RIVE-DROITE","12h12","13h50","Non",12,"","18 janvier 2024%"
"165","PARIS-ST-LAZARE","LE HAVRE","12h39","14h58","A l'heure",0,"","18 janvier 2024%"
"166","PARIS-ST-LAZARE","LE HAVRE","13h40","15h48","A l'heure",0,"","18 janvier 2024%"
"167","PARIS-ST-LAZARE","ROUEN-RIVE-DROITE","14h12","15h41","A l'heure",0,"","18 janvier 2024%"
"168","PARIS-ST-LAZARE","LE HAVRE","14h40","16h58","A l'heure",0,"","18 janvier 2024%"
"169","PARIS-ST-LAZARE","LE HAVRE","15h40","17h58","A l'heure",0,"","18 janvier 2024%"
"170","PARIS-ST-LAZARE","ROUEN-RIVE-DROITE","16h11","17h47","A l'heure",0,"","18 janvier 2024%"
"171","PARIS-ST-LAZARE","LE HAVRE","16h40","18h58","A l'heure",0,"","18 janvier 2024%"
"172","PARIS-ST-LAZARE","ROUEN-RIVE-DROITE","16h50","18h31","A l'heure",0,"","18 janvier 2024%"
"173","PARIS-ST-LAZARE","ROUEN-RIVE-DROITE","17h12","18h50","A l'heure",0,"","18 janvier 2024%"
"174","PARIS-ST-LAZARE","LE HAVRE","17h40","20h00","A l'heure",0,"","18 janvier 2024%"
"175","PARIS-ST-LAZARE","ROUEN-RIVE-DROITE","17h49","19h25","Supprimé",0,"","18 janvier 2024%"
"176","PARIS-ST-LAZARE","VERNON-GIVERNY","17h52","18h58","A l'heure",0,"","18 janvier 2024%"
"177","PARIS-ST-LAZARE","ROUEN-RIVE-DROITE","18h11","19h54","Non",0,"Conséquence du heurt d'un sanglier par le train n°3128 à 19h54 + 28 min","18 janvier 2024%"
"178","PARIS-ST-LAZARE","VERNON-GIVERNY","18h21","19h29","A l'heure",0,"","18 janvier 2024%"
"179","PARIS-ST-LAZARE","LE HAVRE","18h40","21h00","Non",0,"Conséquence du heurt d'un sanglier par le train n°3128 à 21h00 + 19 min","18 janvier 2024%"
"180","PARIS-ST-LAZARE","ROUEN-RIVE-DROITE","18h50","20h26","Non",0,"Conséquence du heurt d'un sanglier par le train n°3128 à 20h26 + 14 min","18 janvier 2024%"
"181","PARIS-ST-LAZARE","ROUEN-RIVE-DROITE","19h11","20h47","Non",0,"Conséquence du heurt d'un sanglier par le train n°3128 à 20h47 + 17 min","18 janvier 2024%"
"182","PARIS-ST-LAZARE","LE HAVRE","19h40","21h55","A l'heure",0,"","18 janvier 2024%"
"183","PARIS-ST-LAZARE","ROUEN-RIVE-DROITE","20h12","21h49","A l'heure",0,"","18 janvier 2024%"
"184","PARIS-ST-LAZARE","LE HAVRE","20h40","22h55","A l'heure",0,"","18 janvier 2024%"
"185","PARIS-ST-LAZARE","ROUEN-RIVE-DROITE","21h12","22h44","A l'heure",0,"","18 janvier 2024%"
"186","SERQUIGNY","PARIS-ST-LAZARE","04h38","06h28","A l'heure",0,"","18 janvier 2024%"
"187","CAEN","PARIS-ST-LAZARE","04h59","07h15","Non",8,"","18 janvier 2024%"
"188","SERQUIGNY","PARIS-ST-LAZARE","05h27","07h28","A l'heure",0,"","18 janvier 2024%"
"189","CAEN","PARIS-ST-LAZARE","06h09","08h19","Non",11,"","18 janvier 2024%"
"190","SERQUIGNY","PARIS-ST-LAZARE","06h57","08h50","A l'heure",0,"","18 janvier 2024%"
"191","CHERBOURG","PARIS-ST-LAZARE","05h49","08h58","A l'heure",0,"","18 janvier 2024%"
"192","TROUVILLE-DEAUVILLE","PARIS-ST-LAZARE","07h25","09h38","Non",8,"","18 janvier 2024%"
"193","CHERBOURG","PARIS-ST-LAZARE","06h46","09h57","Non",11,"","18 janvier 2024%"
"194","CAEN","PARIS-ST-LAZARE","08h25","10h32","A l'heure",0,"","18 janvier 2024%"
"195","CAEN","PARIS-ST-LAZARE","09h06","11h04","Non",10,"","18 janvier 2024%"
"196","CHERBOURG","PARIS-ST-LAZARE","08h54","12h02","Non",12,"","18 janvier 2024%"
"197","TROUVILLE-DEAUVILLE","PARIS-ST-LAZARE","10h22","12h32","A l'heure",0,"","18 janvier 2024%"
"198","CHERBOURG","PARIS-ST-LAZARE","10h48","14h02","A l'heure",0,"","18 janvier 2024%"
"199","CHERBOURG","PARIS-ST-LAZARE","12h48","15h56","A l'heure",0,"","18 janvier 2024%"
"200","CAEN","PARIS-ST-LAZARE","14h25","16h31","A l'heure",0,"","18 janvier 2024%"
"201","CAEN","PARIS-ST-LAZARE","16h57","19h01","A l'heure",0,"","18 janvier 2024%"
"202","TROUVILLE-DEAUVILLE","PARIS-ST-LAZARE","17h22","19h30","Non",7,"","18 janvier 2024%"
"203","CHERBOURG","PARIS-ST-LAZARE","16h47","19h56","A l'heure",0,"","18 janvier 2024%"
"204","CHERBOURG","PARIS-ST-LAZARE","17h39","21h03","A l'heure",0,"","18 janvier 2024%"
"205","CHERBOURG","PARIS-ST-LAZARE","19h17","23h24","A l'heure",0,"","18 janvier 2024%"
"206","PARIS-ST-LAZARE","CHERBOURG","06h12","09h36","A l'heure",0,"","18 janvier 2024%"
"207","PARIS-ST-LAZARE",NA,"07h09","08h24","A l'heure",0,"","18 janvier 2024%"
"208","PARIS-ST-LAZARE","TROUVILLE-DEAUVILLE","07h27","09h40","Non",20,"","18 janvier 2024%"
"209","PARIS-ST-LAZARE","CAEN","08h29","10h36","A l'heure",0,"","18 janvier 2024%"
"210","PARIS-ST-LAZARE",NA,"09h10","10h24","A l'heure",0,"","18 janvier 2024%"
"211","PARIS-ST-LAZARE","CAEN","09h59","12h03","A l'heure",0,"","18 janvier 2024%"
"212","PARIS-ST-LAZARE","CHERBOURG","10h59","14h06","Non",15,"","18 janvier 2024%"
"213","PARIS-ST-LAZARE",NA,"11h09","12h24","Non",10,"","18 janvier 2024%"
"214","PARIS-ST-LAZARE","TROUVILLE-DEAUVILLE","12h30","14h37","A l'heure",0,"","18 janvier 2024%"
"215","PARIS-ST-LAZARE","CHERBOURG","12h59","16h06","Non",67,"","18 janvier 2024%"
"216","PARIS-ST-LAZARE",NA,"13h10","14h25","A l'heure",0,"","18 janvier 2024%"
"217","PARIS-ST-LAZARE","CAEN","13h56","16h02","A l'heure",0,"","18 janvier 2024%"
"218","PARIS-ST-LAZARE",NA,"15h09","16h24","Supprimé",0,"","18 janvier 2024%"
"219","PARIS-ST-LAZARE","CHERBOURG","15h58","19h06","Non",30,"","18 janvier 2024%"
"220","PARIS-ST-LAZARE","TROUVILLE-DEAUVILLE","16h08","18h20","A l'heure",0,"","18 janvier 2024%"
"221","PARIS-ST-LAZARE","SERQUIGNY","16h30","18h16","A l'heure",0,"","18 janvier 2024%"
"222","PARIS-ST-LAZARE","CHERBOURG","16h59","20h16","A l'heure",0,"","18 janvier 2024%"
"223","PARIS-ST-LAZARE","CAEN","17h09","19h16","A l'heure",0,"","18 janvier 2024%"
"224","PARIS-ST-LAZARE","SERQUIGNY","17h30","19h20","A l'heure",0,"","18 janvier 2024%"
"225","PARIS-ST-LAZARE","CHERBOURG","17h59","21h15","A l'heure",0,"","18 janvier 2024%"
"226","PARIS-ST-LAZARE","CAEN","18h08","20h21","A l'heure",0,"","18 janvier 2024%"
"227","PARIS-ST-LAZARE","SERQUIGNY","18h30","20h20","A l'heure",0,"","18 janvier 2024%"
"228","PARIS-ST-LAZARE","CHERBOURG","18h59","22h20","A l'heure",0,"","18 janvier 2024%"
"229","PARIS-ST-LAZARE","TROUVILLE-DEAUVILLE","19h08","21h23","A l'heure",0,"","18 janvier 2024%"
"230","PARIS-ST-LAZARE",NA,"19h30","20h49","A l'heure",0,"","18 janvier 2024%"
"231","PARIS-ST-LAZARE","CAEN","19h59","22h02","Non",10,"","18 janvier 2024%"
"232","PARIS-ST-LAZARE","CHERBOURG","20h59","00h14","A l'heure",0,"","18 janvier 2024%"
"233","ARGENTAN",NA,"06h12","08h16","Supprimé",0,"Suppr. Supprimé entre Dreux et Paris Montparnasse suite aux 08h16","18 janvier 2024%"
"234","GRANVILLE",NA,"05h56","09h17","Supprimé",0,"Suppr. Supprimé entre Dreux et Paris Montparnasse suite aux 09h17","18 janvier 2024%"
"235","GRANVILLE",NA,"09h00","12h06","Supprimé",0,"Suppr. Supprimé entre Dreux et Paris Montparnasse suite aux 12h06","18 janvier 2024%"
"236","ARGENTAN","PARIS-VAUGIRARD","12h12","14h15","A l'heure",0,"","18 janvier 2024%"
"237","GRANVILLE","PARIS-MONTPARNASSE","11h56","15h06","A l'heure",0,"","18 janvier 2024%"
"238","GRANVILLE","PARIS-MONTPARNASSE","15h53","19h15","A l'heure",0,"","18 janvier 2024%"
"239","GRANVILLE","PARIS-MONTPARNASSE","18h50","22h06","A l'heure",0,"","18 janvier 2024%"
"240","PARIS-MONTPARNASSE","GRANVILLE","13h54","17h00","A l'heure",0,"","18 janvier 2024%"
"241","PARIS-VAUGIRARD","GRANVILLE","17h13","20h39","A l'heure",0,"","18 janvier 2024%"
"242","PARIS-MONTPARNASSE","ARGENTAN","18h13","20h21","A l'heure",0,"","18 janvier 2024%"
"243","PARIS-MONTPARNASSE","GRANVILLE","19h43","23h05","A l'heure",0,"","18 janvier 2024%"
"244","ROUEN-RIVE-DROITE","PARIS-ST-LAZARE","05h14","06h54","A l'heure",0,"","19 janvier 2024%"
"245","ROUEN-RIVE-DROITE","PARIS-ST-LAZARE","05h43","07h18","A l'heure",0,"","19 janvier 2024%"
"246","LE HAVRE","PARIS-ST-LAZARE","05h17","07h39","A l'heure",0,"","19 janvier 2024%"
"247","ROUEN-RIVE-DROITE","PARIS-ST-LAZARE","06h04","07h51","A l'heure",0,"","19 janvier 2024%"
"248","VERNON-GIVERNY","PARIS-ST-LAZARE","07h02","08h08","Supprimé",0,"Conséquence de la panne d'un train Transilien en gare de 08h08 Supprimé Vernon-Giverny","19 janvier 2024%"
"249","ROUEN-RIVE-DROITE","PARIS-ST-LAZARE","06h33","08h16","A l'heure",0,"","19 janvier 2024%"
"250","VERNON-GIVERNY","PARIS-ST-LAZARE","07h22","08h28","Non",6,"Conséquence de l'application d'une procédure de dépannage sur un train Transilien en gare de Mantes-la-Jolie","19 janvier 2024%"
"251","ROUEN-RIVE-DROITE","PARIS-ST-LAZARE","06h57","08h36","A l'heure",0,"","19 janvier 2024%"
"252","LE HAVRE","PARIS-ST-LAZARE","06h27","08h39","Non",12,"Application d'une procédure de dépannage en gare de Bréauté- Beuzeville puis panne d'un signal à St-Pierre-du-Vauvray","19 janvier 2024%"
"253","ROUEN-RIVE-DROITE","PARIS-ST-LAZARE","07h37","09h17","A l'heure",0,"","19 janvier 2024%"
"254","LE HAVRE","PARIS-ST-LAZARE","07h05","09h20","Non",6,"","19 janvier 2024%"
"255","ROUEN-RIVE-DROITE","PARIS-ST-LAZARE","08h14","09h49","A l'heure",0,"","19 janvier 2024%"
"256","LE HAVRE","PARIS-ST-LAZARE","08h03","10h23","A l'heure",0,"","19 janvier 2024%"
"257","ROUEN-RIVE-DROITE","PARIS-ST-LAZARE","09h12","10h48","A l'heure",0,"","19 janvier 2024%"
"258","ROUEN-RIVE-DROITE","PARIS-ST-LAZARE","10h11","11h48","A l'heure",0,"","19 janvier 2024%"
"259","LE HAVRE","PARIS-ST-LAZARE","10h03","12h23","A l'heure",0,"","19 janvier 2024%"
"260","ROUEN-RIVE-DROITE","PARIS-ST-LAZARE","12h11","13h48","A l'heure",0,"","19 janvier 2024%"
"261","LE HAVRE","PARIS-ST-LAZARE","12h03","14h23","A l'heure",0,"","19 janvier 2024%"
"262","ROUEN-RIVE-DROITE","PARIS-ST-LAZARE","13h09","14h48","A l'heure",0,"","19 janvier 2024%"
"263","LE HAVRE","PARIS-ST-LAZARE","13h09","15h18","A l'heure",0,"","19 janvier 2024%"
"264","LE HAVRE","PARIS-ST-LAZARE","14h03","16h23","Non",32,"Accident de personne en gare de Houilles-Carrières avec un train du RER A","19 janvier 2024%"
"265","LE HAVRE","PARIS-ST-LAZARE","15h03","17h20","Non",10,"Accident de personne en gare de Houilles-Carrières avec un train du RER A","19 janvier 2024%"
"266","ROUEN-RIVE-DROITE","PARIS-ST-LAZARE","16h09","17h51","Non",8,"Accident de personne en gare de Houilles-Carrières avec un train du RER A","19 janvier 2024%"
"267","ROUEN-RIVE-DROITE","PARIS-ST-LAZARE","17h09","18h49","A l'heure",0,"","19 janvier 2024%"
"268","LE HAVRE","PARIS-ST-LAZARE","17h03","19h20","A l'heure",0,"","19 janvier 2024%"
"269","ROUEN-RIVE-DROITE","PARIS-ST-LAZARE","18h09","19h49","Non",6,"Accident de personne en gare de Houilles-Carrières avec un train du RER A","19 janvier 2024%"
"270","LE HAVRE","PARIS-ST-LAZARE","18h01","20h23","A l'heure",0,"","19 janvier 2024%"
"271","ROUEN-RIVE-DROITE","PARIS-ST-LAZARE","19h13","20h49","A l'heure",0,"","19 janvier 2024%"
"272","LE HAVRE","PARIS-ST-LAZARE","19h02","21h20","A l'heure",0,"","19 janvier 2024%"
"273","ROUEN-RIVE-DROITE","PARIS-ST-LAZARE","20h09","21h50","A l'heure",0,"","19 janvier 2024%"
"274","LE HAVRE","PARIS-ST-LAZARE","20h03","22h23","A l'heure",0,"","19 janvier 2024%"
"275","PARIS-ST-LAZARE","ROUEN-RIVE-DROITE","05h46","07h20","A l'heure",0,"","19 janvier 2024%"
"276","PARIS-ST-LAZARE","ROUEN-RIVE-DROITE","06h09","07h48","A l'heure",0,"","19 janvier 2024%"
"277","PARIS-ST-LAZARE","LE HAVRE","06h40","08h48","Non",28,"","19 janvier 2024%"
"278","PARIS-ST-LAZARE","ROUEN-RIVE-DROITE","07h12","08h48","A l'heure",0,"","19 janvier 2024%"
"279","PARIS-ST-LAZARE","LE HAVRE","07h40","09h58","A l'heure",0,"","19 janvier 2024%"
"280","PARIS-ST-LAZARE","ROUEN-RIVE-DROITE","08h14","09h46","A l'heure",0,"","19 janvier 2024%"
"281","PARIS-ST-LAZARE","LE HAVRE","08h40","10h58","A l'heure",0,"","19 janvier 2024%"
"282","PARIS-ST-LAZARE","ROUEN-RIVE-DROITE","10h11","11h44","A l'heure",0,"","19 janvier 2024%"
"283","PARIS-ST-LAZARE","LE HAVRE","10h40","12h58","A l'heure",0,"","19 janvier 2024%"
"284","PARIS-ST-LAZARE","ROUEN-RIVE-DROITE","12h12","13h50","A l'heure",0,"","19 janvier 2024%"
"285","PARIS-ST-LAZARE","LE HAVRE","12h39","14h58","A l'heure",0,"","19 janvier 2024%"
"286","PARIS-ST-LAZARE","LE HAVRE","13h40","15h48","A l'heure",0,"","19 janvier 2024%"
"287","PARIS-ST-LAZARE","ROUEN-RIVE-DROITE","14h12","15h41","A l'heure",0,"","19 janvier 2024%"
"288","PARIS-ST-LAZARE","LE HAVRE","14h40","16h58","A l'heure",0,"","19 janvier 2024%"
"289","PARIS-ST-LAZARE","LE HAVRE","15h40","17h58","Non",89,"Accident de personne en gare de Houilles-Carrières avec un train du RER A","19 janvier 2024%"
"290","PARIS-ST-LAZARE","ROUEN-RIVE-DROITE","16h11","17h47","Non",8,"Accident de personne en gare de Houilles-Carrières avec un train du RER A","19 janvier 2024%"
"291","PARIS-ST-LAZARE","LE HAVRE","16h40","18h58","A l'heure",0,"","19 janvier 2024%"
"292","PARIS-ST-LAZARE","ROUEN-RIVE-DROITE","16h50","18h31","A l'heure",0,"","19 janvier 2024%"
"293","PARIS-ST-LAZARE","ROUEN-RIVE-DROITE","17h12","18h50","A l'heure",0,"","19 janvier 2024%"
"294","PARIS-ST-LAZARE","LE HAVRE","17h40","20h00","A l'heure",0,"","19 janvier 2024%"
"295","PARIS-ST-LAZARE","ROUEN-RIVE-DROITE","17h49","19h25","A l'heure",0,"","19 janvier 2024%"
"296","PARIS-ST-LAZARE","VERNON-GIVERNY","17h52","18h58","Supprimé",0,"Panne persistante malgré l'application d'une procédure de 18h58 Supprimé dépannage en gare de Vernon-Giverny","19 janvier 2024%"
"297","PARIS-ST-LAZARE","ROUEN-RIVE-DROITE","18h11","19h54","A l'heure",0,"","19 janvier 2024%"
"298","PARIS-ST-LAZARE","VERNON-GIVERNY","18h21","19h29","Non",8,"Accident de personne en gare de Houilles-Carrières avec un train du RER A","19 janvier 2024%"
"299","PARIS-ST-LAZARE","LE HAVRE","18h40","21h00","Non",9,"Accident de personne en gare de Houilles-Carrières avec un train du RER A","19 janvier 2024%"
"300","PARIS-ST-LAZARE","ROUEN-RIVE-DROITE","18h50","20h26","Non",10,"Accident de personne en gare de Houilles-Carrières avec un train du RER A","19 janvier 2024%"
"301","PARIS-ST-LAZARE","ROUEN-RIVE-DROITE","19h11","20h47","A l'heure",0,"","19 janvier 2024%"
"302","PARIS-ST-LAZARE","LE HAVRE","19h40","21h55","A l'heure",0,"","19 janvier 2024%"
"303","PARIS-ST-LAZARE","ROUEN-RIVE-DROITE","20h12","21h49","A l'heure",0,"","19 janvier 2024%"
"304","PARIS-ST-LAZARE","LE HAVRE","20h40","22h55","Non",10,"Retenu en gare de Rouen pour assurer la correspondance avec un train d'une autre ligne retardé en raison du heurt d'un sanglier","19 janvier 2024%"
"305","PARIS-ST-LAZARE","ROUEN-RIVE-DROITE","21h12","22h44","A l'heure",0,"","19 janvier 2024%"
"306","PARIS-ST-LAZARE","LE HAVRE","21h40","23h49","A l'heure",0,"","19 janvier 2024%"
"307","SERQUIGNY","PARIS-ST-LAZARE","04h38","06h28","A l'heure",0,"","19 janvier 2024%"
"308","CAEN","PARIS-ST-LAZARE","04h59","07h15","Non",62,"Panne d'un aiguillage en gare d'Évreux suite aux conditions climatiques","19 janvier 2024%"
"309","SERQUIGNY","PARIS-ST-LAZARE","05h27","07h28","Non",18,"Panne d'un aiguillage en gare d'Évreux suite aux conditions climatiques","19 janvier 2024%"
"310","CAEN","PARIS-ST-LAZARE","06h09","08h19","Non",30,"Panne d'un aiguillage en gare d'Évreux suite aux conditions climatiques","19 janvier 2024%"
"311","SERQUIGNY","PARIS-ST-LAZARE","06h57","08h50","Non",34,"Panne d'un aiguillage en gare d'Évreux suite aux conditions climatiques","19 janvier 2024%"
"312","CHERBOURG","PARIS-ST-LAZARE","05h49","08h58","Non",34,"Panne d'un aiguillage en gare d'Évreux suite aux conditions climatiques","19 janvier 2024%"
"313","TROUVILLE-DEAUVILLE","PARIS-ST-LAZARE","07h25","09h38","Non",11,"Panne d'un aiguillage en gare d'Évreux suite aux conditions climatiques","19 janvier 2024%"
"314","ÉVREUX-NORMANDIE","PARIS-ST-LAZARE","08h37","09h52","Non",8,"Panne d'un aiguillage en gare d'Évreux suite aux conditions climatiques","19 janvier 2024%"
"315","CHERBOURG","PARIS-ST-LAZARE","06h46","09h57","Non",27,"Panne d'un aiguillage en gare d'Évreux suite aux conditions climatiques","19 janvier 2024%"
"316","CAEN","PARIS-ST-LAZARE","08h25","10h32","Non",28,"Panne d'un aiguillage en gare d'Évreux suite aux conditions climatiques","19 janvier 2024%"
"317","CAEN","PARIS-ST-LAZARE","09h06","11h04","Non",9,"","19 janvier 2024%"
"318","CHERBOURG","PARIS-ST-LAZARE","08h54","12h02","Non",24,"Panne d'un aiguillage en gare d'Évreux suite aux conditions climatiques","19 janvier 2024%"
"319","TROUVILLE-DEAUVILLE","PARIS-ST-LAZARE","10h22","12h32","A l'heure",0,"","19 janvier 2024%"
"320","ÉVREUX-NORMANDIE","PARIS-ST-LAZARE","12h34","13h51","Non",15,"Conséquence de l'application d'une procédure de dépannage sur le train n°3311 en gare d'Évreux","19 janvier 2024%"
"321","CHERBOURG","PARIS-ST-LAZARE","10h48","14h02","A l'heure",0,"","19 janvier 2024%"
"322","TROUVILLE-DEAUVILLE","PARIS-ST-LAZARE","12h20","14h31","A l'heure",0,"","19 janvier 2024%"
"323","CHERBOURG","PARIS-ST-LAZARE","11h44","15h04","A l'heure",0,"","19 janvier 2024%"
"324","ÉVREUX-NORMANDIE","PARIS-ST-LAZARE","14h29","15h51","A l'heure",0,"","19 janvier 2024%"
"325","CHERBOURG","PARIS-ST-LAZARE","12h48","15h56","Non",81,"","19 janvier 2024%"
"326","CAEN","PARIS-ST-LAZARE","14h25","16h31","Non",17,"Emprunt d'un autre itinéraire suite à un accident de personne en gare de Houilles-Carrières avec un train du RER A","19 janvier 2024%"
"327","ÉVREUX-NORMANDIE","PARIS-ST-LAZARE","16h28","17h48","Non",8,"Accident de personne en gare de Houilles-Carrières avec un train du RER A","19 janvier 2024%"
"328","CHERBOURG","PARIS-ST-LAZARE","14h43","18h01","Non",18,"Conséquence de l'application d'une procédure de dépannage sur le train n°3311 en gare d'Évreux","19 janvier 2024%"
"329","TROUVILLE-DEAUVILLE","PARIS-ST-LAZARE","16h20","18h29","A l'heure",0,"","19 janvier 2024%"
"330","ÉVREUX-NORMANDIE","PARIS-ST-LAZARE","17h34","18h55","A l'heure",0,"","19 janvier 2024%"
"331","CAEN","PARIS-ST-LAZARE","16h57","19h01","A l'heure",0,"","19 janvier 2024%"
"332","TROUVILLE-DEAUVILLE","PARIS-ST-LAZARE","17h22","19h30","Non",9,"Accident de personne en gare de Houilles-Carrières avec un train du RER A","19 janvier 2024%"
"333","CHERBOURG","PARIS-ST-LAZARE","16h47","19h56","A l'heure",0,"","19 janvier 2024%"
"334","CHERBOURG","PARIS-ST-LAZARE","17h39","21h03","A l'heure",0,"","19 janvier 2024%"
"335","CAEN","PARIS-ST-LAZARE","19h27","21h36","Non",17,"Panne d'un aiguillage en gare d'Évreux suite aux conditions climatiques","19 janvier 2024%"
"336","ÉVREUX-NORMANDIE","PARIS-ST-LAZARE","20h35","21h53","A l'heure",0,"","19 janvier 2024%"
"337","TROUVILLE-DEAUVILLE","PARIS-ST-LAZARE","20h25","22h32","A l'heure",0,"","19 janvier 2024%"
"338","CHERBOURG","PARIS-ST-LAZARE","19h32","22h51","A l'heure",0,"","19 janvier 2024%"
"339","PARIS-ST-LAZARE","CHERBOURG","06h12","09h36","Non",7,"Panne d'un aiguillage en gare d'Évreux suite aux conditions climatiques","19 janvier 2024%"
"340","PARIS-ST-LAZARE","ÉVREUX-NORMANDIE","07h09","08h24","Non",15,"Panne d'un aiguillage en gare d'Évreux suite aux conditions climatiques","19 janvier 2024%"
"341","PARIS-ST-LAZARE","TROUVILLE-DEAUVILLE","07h27","09h40","Non",15,"Panne d'un aiguillage en gare d'Évreux suite aux conditions climatiques","19 janvier 2024%"
"342","PARIS-ST-LAZARE","CAEN","08h29","10h36","Non",37,"Panne d'un aiguillage en gare d'Évreux suite aux conditions climatiques","19 janvier 2024%"
"343","PARIS-ST-LAZARE","CHERBOURG","08h59","12h06","Non",40,"","19 janvier 2024%"
"344","PARIS-ST-LAZARE","ÉVREUX-NORMANDIE","09h10","10h24","Non",25,"Panne d'un aiguillage en gare d'Évreux suite aux conditions climatiques","19 janvier 2024%"
"345","PARIS-ST-LAZARE","CAEN","09h59","12h03","A l'heure",0,"","19 janvier 2024%"
"346","PARIS-ST-LAZARE","TROUVILLE-DEAUVILLE","10h30","12h39","A l'heure",0,"","19 janvier 2024%"
"347","PARIS-ST-LAZARE","CHERBOURG","10h59","14h06","Non",53,"Avarie d'une procédure de dépannage en gare d'Évreux puis en gare de Caen","19 janvier 2024%"
"348","PARIS-ST-LAZARE","ÉVREUX-NORMANDIE","11h09","12h24","Non",31,"Conséquence de l'application d'une procédure de dépannage sur le train n°3311 en gare d'Évreux","19 janvier 2024%"
"349","PARIS-ST-LAZARE","CAEN","11h59","14h04","A l'heure",0,"","19 janvier 2024%"
"350","PARIS-ST-LAZARE","TROUVILLE-DEAUVILLE","12h30","14h37","A l'heure",0,"","19 janvier 2024%"
"351","PARIS-ST-LAZARE","CHERBOURG","12h59","16h06","A l'heure",0,"","19 janvier 2024%"
"352","PARIS-ST-LAZARE","ÉVREUX-NORMANDIE","13h10","14h25","A l'heure",0,"","19 janvier 2024%"
"353","PARIS-ST-LAZARE","CAEN","13h56","16h02","Non",8,"","19 janvier 2024%"
"354","PARIS-ST-LAZARE","CHERBOURG","14h59","18h09","A l'heure",0,"","19 janvier 2024%"
"355","PARIS-ST-LAZARE","ÉVREUX-NORMANDIE","15h09","16h24","Non",9,"","19 janvier 2024%"
"356","PARIS-ST-LAZARE","CHERBOURG","15h58","19h06","Non",14,"Accident de personne en gare de Houilles-Carrières avec un train du RER A","19 janvier 2024%"
"357","PARIS-ST-LAZARE","TROUVILLE-DEAUVILLE","16h08","18h20","A l'heure",0,"","19 janvier 2024%"
"358","PARIS-ST-LAZARE","SERQUIGNY","16h30","18h16","A l'heure",0,"","19 janvier 2024%"
"359","PARIS-ST-LAZARE","CHERBOURG","16h59","20h16","Non",46,"Accident de personne en gare de Houilles-Carrières avec un train du RER A","19 janvier 2024%"
"360","PARIS-ST-LAZARE","CAEN","17h09","19h16","Non",18,"Accident de personne en gare de Houilles-Carrières avec un train du RER A","19 janvier 2024%"
"361","PARIS-ST-LAZARE","SERQUIGNY","17h30","19h20","A l'heure",0,"","19 janvier 2024%"
"362","PARIS-ST-LAZARE","CHERBOURG","17h59","21h15","Non",34,"Accident de personne en gare de Houilles-Carrières avec un train du RER A","19 janvier 2024%"
"363","PARIS-ST-LAZARE","TROUVILLE-DEAUVILLE","18h08","20h24","Non",18,"Accident de personne en gare de Houilles-Carrières avec un train du RER A","19 janvier 2024%"
"364","PARIS-ST-LAZARE","SERQUIGNY","18h30","20h20","Non",22,"Accident de personne en gare de Houilles-Carrières avec un train du RER A","19 janvier 2024%"
"365","PARIS-ST-LAZARE","CHERBOURG","18h59","22h20","A l'heure",0,"","19 janvier 2024%"
"366","PARIS-ST-LAZARE","TROUVILLE-DEAUVILLE","19h08","21h23","A l'heure",0,"","19 janvier 2024%"
"367","PARIS-ST-LAZARE","ÉVREUX-NORMANDIE","19h30","20h49","A l'heure",0,"","19 janvier 2024%"
"368","PARIS-ST-LAZARE","CHERBOURG","19h59","23h06","A l'heure",0,"","19 janvier 2024%"
"369","PARIS-ST-LAZARE","TROUVILLE-DEAUVILLE","20h08","22h16","A l'heure",0,"","19 janvier 2024%"
"370","PARIS-ST-LAZARE","CHERBOURG","20h59","00h05","A l'heure",0,"","19 janvier 2024%"
"371","PARIS-ST-LAZARE","TROUVILLE-DEAUVILLE","21h08","23h15","A l'heure",0,"","19 janvier 2024%"
"372","ARGENTAN","PARIS-VAUGIRARD","06h12","08h16","A l'heure",0,"","19 janvier 2024%"
"373","GRANVILLE","PARIS-MONTPARNASSE","05h56","09h17","A l'heure",0,"","19 janvier 2024%"
"374","GRANVILLE","PARIS-MONTPARNASSE","09h00","12h06","A l'heure",0,"","19 janvier 2024%"
"375","ARGENTAN","PARIS-VAUGIRARD","12h12","14h15","A l'heure",0,"","19 janvier 2024%"
"376","GRANVILLE","PARIS-MONTPARNASSE","11h56","15h06","A l'heure",0,"","19 janvier 2024%"
"377","GRANVILLE","PARIS-MONTPARNASSE","15h53","19h15","A l'heure",0,"","19 janvier 2024%"
"378","GRANVILLE","PARIS-MONTPARNASSE","18h50","22h06","A l'heure",0,"","19 janvier 2024%"
"379","PARIS-MONTPARNASSE","GRANVILLE","07h32","10h50","A l'heure",0,"","19 janvier 2024%"
"380","PARIS-MONTPARNASSE","ARGENTAN","09h45","11h40","Non",6,"","19 janvier 2024%"
"381","PARIS-MONTPARNASSE","GRANVILLE","10h54","13h54","A l'heure",0,"","19 janvier 2024%"
"382","PARIS-MONTPARNASSE","GRANVILLE","13h54","17h00","A l'heure",0,"","19 janvier 2024%"
"383","PARIS-MONTPARNASSE","GRANVILLE","15h28","18h24","A l'heure",0,"","19 janvier 2024%"
"384","PARIS-MONTPARNASSE","GRANVILLE","16h13","19h31","A l'heure",0,"","19 janvier 2024%"
"385","PARIS-VAUGIRARD","GRANVILLE","17h13","20h39","A l'heure",0,"","19 janvier 2024%"
"386","PARIS-MONTPARNASSE","ARGENTAN","18h13","20h24","Non",6,"","19 janvier 2024%"
"387","PARIS-MONTPARNASSE","GRANVILLE","19h43","23h05","Non",25,"","19 janvier 2024%"
"388","LE HAVRE","PARIS-ST-LAZARE","08h04","10h52","A l'heure",0,"","20 janvier 2024%"
"389","LE HAVRE","PARIS-ST-LAZARE","10h01","12h52","A l'heure",0,"","20 janvier 2024%"
"390","LE HAVRE","PARIS-ST-LAZARE","12h01","14h52","A l'heure",0,"","20 janvier 2024%"
"391","LE HAVRE","PARIS-ST-LAZARE","14h11","17h21","A l'heure",0,"","20 janvier 2024%"
"392","LE HAVRE","PARIS-ST-LAZARE","16h01","18h52","A l'heure",0,"","20 janvier 2024%"
"393","LE HAVRE","PARIS-ST-LAZARE","18h04","21h05","A l'heure",0,"","20 janvier 2024%"
"394","PARIS-ST-LAZARE","LE HAVRE","07h00","09h58","A l'heure",0,"","20 janvier 2024%"
"395","PARIS-ST-LAZARE","LE HAVRE","08h56","11h59","A l'heure",0,"","20 janvier 2024%"
"396","PARIS-ST-LAZARE","LE HAVRE","10h56","13h58","A l'heure",0,"","20 janvier 2024%"
"397","PARIS-ST-LAZARE","LE HAVRE","13h03","16h00","A l'heure",0,"","20 janvier 2024%"
"398","PARIS-ST-LAZARE","LE HAVRE","15h03","17h57","A l'heure",0,"","20 janvier 2024%"
"399","PARIS-ST-LAZARE","LE HAVRE","17h03","19h53","A l'heure",0,"","20 janvier 2024%"
"400","PARIS-ST-LAZARE","LE HAVRE","19h03","21h56","Supprimé",0,"","20 janvier 2024%"
"401","CAEN","PARIS-ST-LAZARE","07h04","09h37","A l'heure",0,"","20 janvier 2024%"
"402","CHERBOURG","PARIS-ST-LAZARE","07h00","10h32","A l'heure",0,"","20 janvier 2024%"
"403","CAEN","PARIS-ST-LAZARE","08h38","11h06","A l'heure",0,"","20 janvier 2024%"
"404","CHERBOURG","PARIS-ST-LAZARE","08h57","12h34","A l'heure",0,"","20 janvier 2024%"
"405","PARIS-ST-LAZARE","CHERBOURG","07h08","10h48","A l'heure",0,"","20 janvier 2024%"
"406","PARIS-ST-LAZARE",NA,"08h08","10h45","A l'heure",0,"","20 janvier 2024%"
"407","PARIS-ST-LAZARE","CHERBOURG","08h30","12h14","A l'heure",0,"","20 janvier 2024%"
"408","PARIS-ST-LAZARE","CAEN","09h45","12h03","Non",23,"","20 janvier 2024%"
"409","PARIS-ST-LAZARE",NA,"10h00","12h46","A l'heure",0,"","20 janvier 2024%"
"410","PARIS-ST-LAZARE","CHERBOURG","10h43","14h09","A l'heure",0,"","20 janvier 2024%"
"411","LE HAVRE","PARIS-ST-LAZARE","08h31","11h22","A l'heure",0,"","21 janvier 2024%"
"412","LE HAVRE","PARIS-ST-LAZARE","10h29","13h22","Supprimé",0,"Origine en gare de Rouen en raison d'une absence d'alimentation 13h22 Supprimé électrique de la caténaire entre St-Laurent-Gainneville et Le Havre","21 janvier 2024%"
"413","LE HAVRE","PARIS-ST-LAZARE","12h31","15h22","A l'heure",0,"","21 janvier 2024%"
"414","LE HAVRE","PARIS-ST-LAZARE","14h50","17h34","A l'heure",0,"","21 janvier 2024%"
"415","ROUEN-RIVE-DROITE","PARIS-ST-LAZARE","16h02","18h07","A l'heure",0,"","21 janvier 2024%"
"416","LE HAVRE","PARIS-ST-LAZARE","15h59","18h35","A l'heure",0,"","21 janvier 2024%"
"417","LE HAVRE","PARIS-ST-LAZARE","17h01","19h35","A l'heure",0,"","21 janvier 2024%"
"418","ROUEN-RIVE-DROITE","PARIS-ST-LAZARE","18h10","20h18","A l'heure",0,"","21 janvier 2024%"
"419","LE HAVRE","PARIS-ST-LAZARE","18h00","20h50","A l'heure",0,"","21 janvier 2024%"
"420","LE HAVRE","PARIS-ST-LAZARE","19h01","21h26","Non",7,"","21 janvier 2024%"
"421","ROUEN-RIVE-DROITE","PARIS-ST-LAZARE","20h27","22h14","A l'heure",0,"","21 janvier 2024%"
"422","ROUEN-RIVE-DROITE","PARIS-ST-LAZARE","21h12","22h58","A l'heure",0,"","21 janvier 2024%"
"423","LE HAVRE","PARIS-ST-LAZARE","21h00","23h39","A l'heure",0,"","21 janvier 2024%"
"424","PARIS-ST-LAZARE","LE HAVRE","07h10","10h20","Non",14,"","21 janvier 2024%"
"425","PARIS-ST-LAZARE","LE HAVRE","09h27","12h18","A l'heure",0,"","21 janvier 2024%"
"426","PARIS-ST-LAZARE","LE HAVRE","11h30","14h25","A l'heure",0,"","21 janvier 2024%"
"427","PARIS-ST-LAZARE","LE HAVRE","13h30","16h29","A l'heure",0,"","21 janvier 2024%"
"428","PARIS-ST-LAZARE","ROUEN-RIVE-DROITE","15h29","17h42","Non",9,"","21 janvier 2024%"
"429","PARIS-ST-LAZARE","LE HAVRE","16h10","18h58","A l'heure",0,"","21 janvier 2024%"
"430","PARIS-ST-LAZARE","ROUEN-RIVE-DROITE","17h45","19h43","A l'heure",0,"","21 janvier 2024%"
"431","PARIS-ST-LAZARE","LE HAVRE","18h10","20h58","A l'heure",0,"","21 janvier 2024%"
"432","PARIS-ST-LAZARE","LE HAVRE","19h02","21h39","A l'heure",0,"","21 janvier 2024%"
"433","PARIS-ST-LAZARE","ROUEN-RIVE-DROITE","19h30","21h39","A l'heure",0,"","21 janvier 2024%"
"434","PARIS-ST-LAZARE","LE HAVRE","20h30","23h31","A l'heure",0,"","21 janvier 2024%"
"435","PARIS-ST-LAZARE","LE HAVRE","21h11","23h49","Non",77,"Branche tombée sur la caténaire sur la voie 1 entre la Bif. de Darnétal et Malaunay","21 janvier 2024%"
"436","PARIS-ST-LAZARE","ROUEN-RIVE-DROITE","22h06","23h49","A l'heure",0,"","21 janvier 2024%"
"437","CHERBOURG","PARIS-ST-LAZARE","13h24","17h05","A l'heure",0,"","21 janvier 2024%"
"438","CHERBOURG","PARIS-ST-LAZARE","14h32","18h18","A l'heure",0,"","21 janvier 2024%"
"439","CHERBOURG","PARIS-ST-LAZARE","16h49","20h35","A l'heure",0,"","21 janvier 2024%"
"440","CHERBOURG","PARIS-ST-LAZARE","19h05","22h30","A l'heure",0,"","21 janvier 2024%"
"441","PARIS-ST-LAZARE","CAEN","15h10","17h35","A l'heure",0,"","21 janvier 2024%"
"442","PARIS-ST-LAZARE",NA,"15h42","18h39","Non",7,"Conséquence d'un service voyageur plus long que prévu en gare de Lisieux sur un train d'une autre ligne","21 janvier 2024%"
"443","PARIS-ST-LAZARE","CHERBOURG","16h45","20h29","Non",21,"Présence d'un animal sur les voies entre Frénouville-Cagny et Caen","21 janvier 2024%"
"444","PARIS-ST-LAZARE",NA,"18h02","20h44","A l'heure",0,"","21 janvier 2024%"
"445","PARIS-ST-LAZARE","CHERBOURG","18h45","22h16","Non",21,"","21 janvier 2024%"
"446","PARIS-ST-LAZARE","CAEN","19h10","21h48","A l'heure",0,"","21 janvier 2024%"
"447","PARIS-ST-LAZARE",NA,"19h45","22h18","A l'heure",0,"","21 janvier 2024%"
"448","PARIS-ST-LAZARE","CHERBOURG","20h47","00h25","A l'heure",0,"","21 janvier 2024%"
"449","PARIS-ST-LAZARE","CAEN","22h10","00h34","A l'heure",0,"","21 janvier 2024%"
"450","ROUEN-RIVE-DROITE","PARIS-ST-LAZARE","05h14","06h54","Non",7,"","22 janvier 2024%"
"451","ROUEN-RIVE-DROITE","PARIS-ST-LAZARE","05h43","07h18","A l'heure",0,"","22 janvier 2024%"
"452","LE HAVRE","PARIS-ST-LAZARE","05h17","07h39","Non",12,"","22 janvier 2024%"
"453","ROUEN-RIVE-DROITE","PARIS-ST-LAZARE","06h04","07h51","A l'heure",0,"","22 janvier 2024%"
"454","VERNON-GIVERNY","PARIS-ST-LAZARE","07h02","08h08","Supprimé",0,"","22 janvier 2024%"
"455","ROUEN-RIVE-DROITE","PARIS-ST-LAZARE","06h33","08h16","A l'heure",0,"","22 janvier 2024%"
"456","VERNON-GIVERNY","PARIS-ST-LAZARE","07h22","08h28","A l'heure",0,"","22 janvier 2024%"
"457","ROUEN-RIVE-DROITE","PARIS-ST-LAZARE","06h57","08h36","A l'heure",0,"","22 janvier 2024%"
"458","LE HAVRE","PARIS-ST-LAZARE","06h27","08h39","A l'heure",0,"","22 janvier 2024%"
"459","ROUEN-RIVE-DROITE","PARIS-ST-LAZARE","07h37","09h17","Non",15,"","22 janvier 2024%"
"460","LE HAVRE","PARIS-ST-LAZARE","07h05","09h20","Non",14,"","22 janvier 2024%"
"461","ROUEN-RIVE-DROITE","PARIS-ST-LAZARE","08h14","09h49","A l'heure",0,"","22 janvier 2024%"
"462","LE HAVRE","PARIS-ST-LAZARE","08h03","10h23","A l'heure",0,"","22 janvier 2024%"
"463","ROUEN-RIVE-DROITE","PARIS-ST-LAZARE","09h12","10h48","A l'heure",0,"","22 janvier 2024%"
"464","ROUEN-RIVE-DROITE","PARIS-ST-LAZARE","10h11","11h48","A l'heure",0,"","22 janvier 2024%"
"465","LE HAVRE","PARIS-ST-LAZARE","10h03","12h23","A l'heure",0,"","22 janvier 2024%"
"466","ROUEN-RIVE-DROITE","PARIS-ST-LAZARE","12h11","13h48","A l'heure",0,"","22 janvier 2024%"
"467","LE HAVRE","PARIS-ST-LAZARE","12h03","14h23","A l'heure",0,"","22 janvier 2024%"
"468","ROUEN-RIVE-DROITE","PARIS-ST-LAZARE","13h09","14h48","A l'heure",0,"","22 janvier 2024%"
"469","LE HAVRE","PARIS-ST-LAZARE","13h09","15h18","A l'heure",0,"","22 janvier 2024%"
"470","LE HAVRE","PARIS-ST-LAZARE","14h03","16h23","A l'heure",0,"","22 janvier 2024%"
"471","LE HAVRE","PARIS-ST-LAZARE","15h03","17h20","A l'heure",0,"","22 janvier 2024%"
"472","ROUEN-RIVE-DROITE","PARIS-ST-LAZARE","16h09","17h51","Non",20,"","22 janvier 2024%"
"473","ROUEN-RIVE-DROITE","PARIS-ST-LAZARE","17h09","18h49","A l'heure",0,"","22 janvier 2024%"
"474","LE HAVRE","PARIS-ST-LAZARE","17h03","19h20","A l'heure",0,"","22 janvier 2024%"
"475","ROUEN-RIVE-DROITE","PARIS-ST-LAZARE","18h09","19h49","A l'heure",0,"","22 janvier 2024%"
"476","LE HAVRE","PARIS-ST-LAZARE","18h01","20h23","A l'heure",0,"","22 janvier 2024%"
"477","ROUEN-RIVE-DROITE","PARIS-ST-LAZARE","19h13","20h49","A l'heure",0,"","22 janvier 2024%"
"478","LE HAVRE","PARIS-ST-LAZARE","19h02","21h20","A l'heure",0,"","22 janvier 2024%"
"479","ROUEN-RIVE-DROITE","PARIS-ST-LAZARE","20h09","21h50","A l'heure",0,"","22 janvier 2024%"
"480","LE HAVRE","PARIS-ST-LAZARE","20h03","22h23","A l'heure",0,"","22 janvier 2024%"
"481","PARIS-ST-LAZARE","ROUEN-RIVE-DROITE","05h46","07h20","A l'heure",0,"","22 janvier 2024%"
"482","PARIS-ST-LAZARE","ROUEN-RIVE-DROITE","06h09","07h48","A l'heure",0,"","22 janvier 2024%"
"483","PARIS-ST-LAZARE","LE HAVRE","06h40","08h48","A l'heure",0,"","22 janvier 2024%"
"484","PARIS-ST-LAZARE","ROUEN-RIVE-DROITE","07h12","08h48","A l'heure",0,"","22 janvier 2024%"
"485","PARIS-ST-LAZARE","LE HAVRE","07h40","09h58","A l'heure",0,"","22 janvier 2024%"
"486","PARIS-ST-LAZARE","ROUEN-RIVE-DROITE","08h14","09h46","A l'heure",0,"","22 janvier 2024%"
"487","PARIS-ST-LAZARE","LE HAVRE","08h40","10h58","A l'heure",0,"","22 janvier 2024%"
"488","PARIS-ST-LAZARE","ROUEN-RIVE-DROITE","10h11","11h44","A l'heure",0,"","22 janvier 2024%"
"489","PARIS-ST-LAZARE","LE HAVRE","10h40","12h58","A l'heure",0,"","22 janvier 2024%"
"490","PARIS-ST-LAZARE","ROUEN-RIVE-DROITE","12h12","13h50","A l'heure",0,"","22 janvier 2024%"
"491","PARIS-ST-LAZARE","LE HAVRE","12h39","14h58","A l'heure",0,"","22 janvier 2024%"
"492","PARIS-ST-LAZARE","LE HAVRE","13h40","15h48","A l'heure",0,"","22 janvier 2024%"
"493","PARIS-ST-LAZARE","ROUEN-RIVE-DROITE","14h12","15h41","A l'heure",0,"","22 janvier 2024%"
"494","PARIS-ST-LAZARE","LE HAVRE","14h40","16h58","A l'heure",0,"","22 janvier 2024%"
"495","PARIS-ST-LAZARE","LE HAVRE","15h40","17h58","A l'heure",0,"","22 janvier 2024%"
"496","PARIS-ST-LAZARE","ROUEN-RIVE-DROITE","16h11","17h47","A l'heure",0,"","22 janvier 2024%"
"497","PARIS-ST-LAZARE","LE HAVRE","16h40","18h58","A l'heure",0,"","22 janvier 2024%"
"498","PARIS-ST-LAZARE","ROUEN-RIVE-DROITE","16h50","18h31","A l'heure",0,"","22 janvier 2024%"
"499","PARIS-ST-LAZARE","ROUEN-RIVE-DROITE","17h12","18h50","Non",6,"","22 janvier 2024%"
"500","PARIS-ST-LAZARE","LE HAVRE","17h40","20h00","A l'heure",0,"","22 janvier 2024%"
"501","PARIS-ST-LAZARE","ROUEN-RIVE-DROITE","17h49","19h25","A l'heure",0,"","22 janvier 2024%"
"502","PARIS-ST-LAZARE","VERNON-GIVERNY","17h52","18h58","Supprimé",0,"","22 janvier 2024%"
"503","PARIS-ST-LAZARE","ROUEN-RIVE-DROITE","18h11","19h54","A l'heure",0,"","22 janvier 2024%"
"504","PARIS-ST-LAZARE","VERNON-GIVERNY","18h21","19h29","Non",20,"","22 janvier 2024%"
"505","PARIS-ST-LAZARE","LE HAVRE","18h40","21h00","A l'heure",0,"","22 janvier 2024%"
"506","PARIS-ST-LAZARE","ROUEN-RIVE-DROITE","18h50","20h26","Non",0,"Conséquence du défaut d'alimentation sur les voies de 20h26 + 11 min","22 janvier 2024%"
"507","PARIS-ST-LAZARE","ROUEN-RIVE-DROITE","19h11","20h47","A l'heure",0,"","22 janvier 2024%"
"508","PARIS-ST-LAZARE","LE HAVRE","19h40","21h55","A l'heure",0,"","22 janvier 2024%"
"509","PARIS-ST-LAZARE","ROUEN-RIVE-DROITE","20h12","21h49","A l'heure",0,"","22 janvier 2024%"
"510","PARIS-ST-LAZARE","LE HAVRE","20h40","22h55","A l'heure",0,"","22 janvier 2024%"
"511","PARIS-ST-LAZARE","ROUEN-RIVE-DROITE","21h12","22h44","A l'heure",0,"","22 janvier 2024%"
"512","SERQUIGNY","PARIS-ST-LAZARE","04h38","06h28","A l'heure",0,"","22 janvier 2024%"
"513","CAEN","PARIS-ST-LAZARE","04h59","07h15","Supprimé",0,"Conséquence de l'arbre sur la caténaire entre Lisieux et 07h15 Supprimé","22 janvier 2024%"
"514","SERQUIGNY","PARIS-ST-LAZARE","05h27","07h28","Non",13,"","22 janvier 2024%"
"515","CAEN","PARIS-ST-LAZARE","06h09","08h19","Non",25,"","22 janvier 2024%"
"516","SERQUIGNY","PARIS-ST-LAZARE","06h57","08h50","Non",14,"","22 janvier 2024%"
"517","CHERBOURG","PARIS-ST-LAZARE","05h49","08h58","Non",7,"","22 janvier 2024%"
"518","TROUVILLE-DEAUVILLE","PARIS-ST-LAZARE","07h25","09h38","A l'heure",0,"","22 janvier 2024%"
"519","CHERBOURG","PARIS-ST-LAZARE","06h46","09h57","Non",10,"","22 janvier 2024%"
"520","CAEN","PARIS-ST-LAZARE","08h25","10h32","A l'heure",0,"","22 janvier 2024%"
"521","CAEN","PARIS-ST-LAZARE","09h06","11h04","A l'heure",0,"","22 janvier 2024%"
"522","CHERBOURG","PARIS-ST-LAZARE","08h54","12h02","A l'heure",0,"","22 janvier 2024%"
"523","TROUVILLE-DEAUVILLE","PARIS-ST-LAZARE","10h22","12h32","A l'heure",0,"","22 janvier 2024%"
"524","CHERBOURG","PARIS-ST-LAZARE","10h48","14h02","A l'heure",0,"","22 janvier 2024%"
"525","CHERBOURG","PARIS-ST-LAZARE","12h48","15h56","A l'heure",0,"","22 janvier 2024%"
"526","CAEN","PARIS-ST-LAZARE","14h25","16h31","A l'heure",0,"","22 janvier 2024%"
"527","CAEN","PARIS-ST-LAZARE","16h57","19h01","A l'heure",0,"","22 janvier 2024%"
"528","TROUVILLE-DEAUVILLE","PARIS-ST-LAZARE","17h22","19h30","A l'heure",0,"","22 janvier 2024%"
"529","CHERBOURG","PARIS-ST-LAZARE","16h47","19h56","A l'heure",0,"","22 janvier 2024%"
"530","CHERBOURG","PARIS-ST-LAZARE","17h39","21h03","A l'heure",0,"","22 janvier 2024%"
"531","CHERBOURG","PARIS-ST-LAZARE","19h17","23h24","A l'heure",0,"","22 janvier 2024%"
"532","PARIS-ST-LAZARE","CHERBOURG","06h12","09h36","Non",39,"","22 janvier 2024%"
"533","PARIS-ST-LAZARE",NA,"07h09","08h24","Non",27,"","22 janvier 2024%"
"534","PARIS-ST-LAZARE","TROUVILLE-DEAUVILLE","07h27","09h40","A l'heure",0,"","22 janvier 2024%"
"535","PARIS-ST-LAZARE","CAEN","08h29","10h36","A l'heure",0,"","22 janvier 2024%"
"536","PARIS-ST-LAZARE",NA,"09h10","10h24","Non",10,"","22 janvier 2024%"
"537","PARIS-ST-LAZARE","CAEN","09h59","12h03","A l'heure",0,"","22 janvier 2024%"
"538","PARIS-ST-LAZARE","CHERBOURG","10h59","14h06","A l'heure",0,"","22 janvier 2024%"
"539","PARIS-ST-LAZARE",NA,"11h09","12h24","A l'heure",0,"","22 janvier 2024%"
"540","PARIS-ST-LAZARE","TROUVILLE-DEAUVILLE","12h30","14h37","A l'heure",0,"","22 janvier 2024%"
"541","PARIS-ST-LAZARE","CHERBOURG","12h59","16h06","A l'heure",0,"","22 janvier 2024%"
"542","PARIS-ST-LAZARE",NA,"13h10","14h25","A l'heure",0,"","22 janvier 2024%"
"543","PARIS-ST-LAZARE","CAEN","13h56","16h02","A l'heure",0,"","22 janvier 2024%"
"544","PARIS-ST-LAZARE",NA,"15h09","16h24","A l'heure",0,"","22 janvier 2024%"
"545","PARIS-ST-LAZARE","CHERBOURG","15h58","19h06","A l'heure",0,"","22 janvier 2024%"
"546","PARIS-ST-LAZARE","TROUVILLE-DEAUVILLE","16h08","18h20","A l'heure",0,"","22 janvier 2024%"
"547","PARIS-ST-LAZARE","SERQUIGNY","16h30","18h16","A l'heure",0,"","22 janvier 2024%"
"548","PARIS-ST-LAZARE","CHERBOURG","16h59","20h16","A l'heure",0,"","22 janvier 2024%"
"549","PARIS-ST-LAZARE","CAEN","17h09","19h16","Non",13,"","22 janvier 2024%"
"550","PARIS-ST-LAZARE","SERQUIGNY","17h30","19h20","Non",10,"","22 janvier 2024%"
"551","PARIS-ST-LAZARE","CHERBOURG","17h59","21h15","A l'heure",0,"","22 janvier 2024%"
"552","PARIS-ST-LAZARE","CAEN","18h08","20h21","A l'heure",0,"","22 janvier 2024%"
"553","PARIS-ST-LAZARE","SERQUIGNY","18h30","20h20","A l'heure",0,"","22 janvier 2024%"
"554","PARIS-ST-LAZARE","CHERBOURG","18h59","22h20","A l'heure",0,"","22 janvier 2024%"
"555","PARIS-ST-LAZARE","TROUVILLE-DEAUVILLE","19h08","21h23","A l'heure",0,"","22 janvier 2024%"
"556","PARIS-ST-LAZARE",NA,"19h30","20h49","A l'heure",0,"","22 janvier 2024%"
"557","PARIS-ST-LAZARE","CAEN","19h59","22h02","A l'heure",0,"","22 janvier 2024%"
"558","GRANVILLE","PARIS-VAUGIRARD","04h50","08h16","A l'heure",0,"","22 janvier 2024%"
"559","GRANVILLE","PARIS-MONTPARNASSE","05h56","09h17","A l'heure",0,"","22 janvier 2024%"
"560","GRANVILLE","PARIS-MONTPARNASSE","09h00","12h06","Non",9,"","22 janvier 2024%"
"561","ARGENTAN","PARIS-VAUGIRARD","12h12","14h15","A l'heure",0,"","22 janvier 2024%"
"562","GRANVILLE","PARIS-MONTPARNASSE","11h56","15h06","A l'heure",0,"","22 janvier 2024%"
"563","GRANVILLE","PARIS-MONTPARNASSE","15h53","19h15","A l'heure",0,"","22 janvier 2024%"
"564","GRANVILLE","PARIS-MONTPARNASSE","18h50","22h06","A l'heure",0,"","22 janvier 2024%"
"565","PARIS-MONTPARNASSE","GRANVILLE","07h32","10h50","A l'heure",0,"","22 janvier 2024%"
"566","PARIS-MONTPARNASSE","ARGENTAN","09h45","11h43","Non",6,"","22 janvier 2024%"
"567","PARIS-MONTPARNASSE","GRANVILLE","10h54","13h54","A l'heure",0,"","22 janvier 2024%"
"568","PARIS-MONTPARNASSE","GRANVILLE","13h54","17h00","A l'heure",0,"","22 janvier 2024%"
"569","PARIS-VAUGIRARD","GRANVILLE","17h13","20h39","A l'heure",0,"","22 janvier 2024%"
"570","PARIS-MONTPARNASSE","ARGENTAN","18h13","20h21","A l'heure",0,"","22 janvier 2024%"
"571","PARIS-MONTPARNASSE","GRANVILLE","19h43","23h05","A l'heure",0,"","22 janvier 2024%"
"572","ROUEN-RIVE-DROITE","PARIS-ST-LAZARE","05h14","06h54","A l'heure",0,"","23 janvier 2024%"
"573","ROUEN-RIVE-DROITE","PARIS-ST-LAZARE","05h43","07h18","Non",34,"","23 janvier 2024%"
"574","LE HAVRE","PARIS-ST-LAZARE","05h17","07h39","A l'heure",0,"","23 janvier 2024%"
"575","ROUEN-RIVE-DROITE","PARIS-ST-LAZARE","06h04","07h51","A l'heure",0,"","23 janvier 2024%"
"576","VERNON-GIVERNY","PARIS-ST-LAZARE","07h02","08h08","Supprimé",0,"Panne persistante malgré l'application d'une procédure de 08h08 Supprimé dépannage avant le départ","23 janvier 2024%"
"577","ROUEN-RIVE-DROITE","PARIS-ST-LAZARE","06h33","08h16","A l'heure",0,"","23 janvier 2024%"
"578","VERNON-GIVERNY","PARIS-ST-LAZARE","07h22","08h28","A l'heure",0,"","23 janvier 2024%"
"579","ROUEN-RIVE-DROITE","PARIS-ST-LAZARE","06h57","08h36","Non",7,"","23 janvier 2024%"
"580","LE HAVRE","PARIS-ST-LAZARE","06h27","08h39","Non",7,"","23 janvier 2024%"
"581","ROUEN-RIVE-DROITE","PARIS-ST-LAZARE","07h37","09h17","A l'heure",0,"","23 janvier 2024%"
"582","LE HAVRE","PARIS-ST-LAZARE","07h05","09h20","A l'heure",0,"","23 janvier 2024%"
"583","ROUEN-RIVE-DROITE","PARIS-ST-LAZARE","08h14","09h49","A l'heure",0,"","23 janvier 2024%"
"584","LE HAVRE","PARIS-ST-LAZARE","08h03","10h23","A l'heure",0,"","23 janvier 2024%"
"585","ROUEN-RIVE-DROITE","PARIS-ST-LAZARE","09h12","10h48","A l'heure",0,"","23 janvier 2024%"
"586","ROUEN-RIVE-DROITE","PARIS-ST-LAZARE","10h11","11h48","A l'heure",0,"","23 janvier 2024%"
"587","LE HAVRE","PARIS-ST-LAZARE","10h03","12h23","Non",26,"","23 janvier 2024%"
"588","ROUEN-RIVE-DROITE","PARIS-ST-LAZARE","12h11","13h48","A l'heure",0,"","23 janvier 2024%"
"589","LE HAVRE","PARIS-ST-LAZARE","12h03","14h23","A l'heure",0,"","23 janvier 2024%"
"590","ROUEN-RIVE-DROITE","PARIS-ST-LAZARE","13h09","14h48","A l'heure",0,"","23 janvier 2024%"
"591","LE HAVRE","PARIS-ST-LAZARE","13h09","15h18","A l'heure",0,"","23 janvier 2024%"
"592","LE HAVRE","PARIS-ST-LAZARE","14h03","16h23","A l'heure",0,"","23 janvier 2024%"
"593","LE HAVRE","PARIS-ST-LAZARE","15h03","17h20","A l'heure",0,"","23 janvier 2024%"
"594","ROUEN-RIVE-DROITE","PARIS-ST-LAZARE","16h09","17h51","A l'heure",0,"","23 janvier 2024%"
"595","ROUEN-RIVE-DROITE","PARIS-ST-LAZARE","17h09","18h49","A l'heure",0,"","23 janvier 2024%"
"596","LE HAVRE","PARIS-ST-LAZARE","17h03","19h20","A l'heure",0,"","23 janvier 2024%"
"597","ROUEN-RIVE-DROITE","PARIS-ST-LAZARE","18h09","19h49","A l'heure",0,"","23 janvier 2024%"
"598","LE HAVRE","PARIS-ST-LAZARE","18h01","20h23","A l'heure",0,"","23 janvier 2024%"
"599","ROUEN-RIVE-DROITE","PARIS-ST-LAZARE","19h13","20h49","A l'heure",0,"","23 janvier 2024%"
"600","LE HAVRE","PARIS-ST-LAZARE","19h02","21h20","A l'heure",0,"","23 janvier 2024%"
"601","ROUEN-RIVE-DROITE","PARIS-ST-LAZARE","20h09","21h50","A l'heure",0,"","23 janvier 2024%"
"602","LE HAVRE","PARIS-ST-LAZARE","20h03","22h23","A l'heure",0,"","23 janvier 2024%"
"603","PARIS-ST-LAZARE","ROUEN-RIVE-DROITE","05h46","07h20","A l'heure",0,"","23 janvier 2024%"
"604","PARIS-ST-LAZARE","ROUEN-RIVE-DROITE","06h09","07h48","A l'heure",0,"","23 janvier 2024%"
"605","PARIS-ST-LAZARE","LE HAVRE","06h40","08h48","A l'heure",0,"","23 janvier 2024%"
"606","PARIS-ST-LAZARE","ROUEN-RIVE-DROITE","07h12","08h48","A l'heure",0,"","23 janvier 2024%"
"607","PARIS-ST-LAZARE","LE HAVRE","07h40","09h58","A l'heure",0,"","23 janvier 2024%"
"608","PARIS-ST-LAZARE","ROUEN-RIVE-DROITE","08h14","09h46","A l'heure",0,"","23 janvier 2024%"
"609","PARIS-ST-LAZARE","LE HAVRE","08h40","10h58","A l'heure",0,"","23 janvier 2024%"
"610","PARIS-ST-LAZARE","ROUEN-RIVE-DROITE","10h11","11h44","A l'heure",0,"","23 janvier 2024%"
"611","PARIS-ST-LAZARE","LE HAVRE","10h40","12h58","A l'heure",0,"","23 janvier 2024%"
"612","PARIS-ST-LAZARE","ROUEN-RIVE-DROITE","12h12","13h50","A l'heure",0,"","23 janvier 2024%"
"613","PARIS-ST-LAZARE","LE HAVRE","12h39","14h58","A l'heure",0,"","23 janvier 2024%"
"614","PARIS-ST-LAZARE","LE HAVRE","13h40","15h48","A l'heure",0,"","23 janvier 2024%"
"615","PARIS-ST-LAZARE","ROUEN-RIVE-DROITE","14h12","15h41","A l'heure",0,"","23 janvier 2024%"
"616","PARIS-ST-LAZARE","LE HAVRE","14h40","16h58","A l'heure",0,"","23 janvier 2024%"
"617","PARIS-ST-LAZARE","LE HAVRE","15h40","17h58","A l'heure",0,"","23 janvier 2024%"
"618","PARIS-ST-LAZARE","ROUEN-RIVE-DROITE","16h11","17h47","A l'heure",0,"","23 janvier 2024%"
"619","PARIS-ST-LAZARE","LE HAVRE","16h40","18h58","A l'heure",0,"","23 janvier 2024%"
"620","PARIS-ST-LAZARE","ROUEN-RIVE-DROITE","16h50","18h31","Non",8,"Conséquence du retard d'un train de Fret entre Val-de-Reuil et Oissel","23 janvier 2024%"
"621","PARIS-ST-LAZARE","ROUEN-RIVE-DROITE","17h12","18h50","A l'heure",0,"","23 janvier 2024%"
"622","PARIS-ST-LAZARE","LE HAVRE","17h40","20h00","A l'heure",0,"","23 janvier 2024%"
"623","PARIS-ST-LAZARE","ROUEN-RIVE-DROITE","17h49","19h25","A l'heure",0,"","23 janvier 2024%"
"624","PARIS-ST-LAZARE","VERNON-GIVERNY","17h52","18h58","Supprimé",0,"","23 janvier 2024%"
"625","PARIS-ST-LAZARE","ROUEN-RIVE-DROITE","18h11","19h54","A l'heure",0,"","23 janvier 2024%"
"626","PARIS-ST-LAZARE","VERNON-GIVERNY","18h21","19h29","Non",14,"","23 janvier 2024%"
"627","PARIS-ST-LAZARE","LE HAVRE","18h40","21h00","Non",11,"","23 janvier 2024%"
"628","PARIS-ST-LAZARE","ROUEN-RIVE-DROITE","18h50","20h26","Non",15,"","23 janvier 2024%"
"629","PARIS-ST-LAZARE","ROUEN-RIVE-DROITE","19h11","20h47","Non",15,"","23 janvier 2024%"
"630","PARIS-ST-LAZARE","LE HAVRE","19h40","21h55","A l'heure",0,"","23 janvier 2024%"
"631","PARIS-ST-LAZARE","ROUEN-RIVE-DROITE","20h12","21h49","A l'heure",0,"","23 janvier 2024%"
"632","PARIS-ST-LAZARE","LE HAVRE","20h40","22h55","A l'heure",0,"","23 janvier 2024%"
"633","PARIS-ST-LAZARE","ROUEN-RIVE-DROITE","21h12","22h44","A l'heure",0,"","23 janvier 2024%"
"634","SERQUIGNY","PARIS-ST-LAZARE","04h38","06h28","A l'heure",0,"","23 janvier 2024%"
"635","CAEN","PARIS-ST-LAZARE","04h59","07h15","A l'heure",0,"","23 janvier 2024%"
"636","SERQUIGNY","PARIS-ST-LAZARE","05h27","07h28","Non",7,"Conséquence de la restitution tardive de travaux entre Caen et Mézidon","23 janvier 2024%"
"637","CAEN","PARIS-ST-LAZARE","06h09","08h19","A l'heure",0,"","23 janvier 2024%"
"638","SERQUIGNY","PARIS-ST-LAZARE","06h57","08h50","A l'heure",0,"","23 janvier 2024%"
"639","CHERBOURG","PARIS-ST-LAZARE","05h49","08h58","Non",6,"","23 janvier 2024%"
"640","TROUVILLE-DEAUVILLE","PARIS-ST-LAZARE","07h25","09h38","A l'heure",0,"","23 janvier 2024%"
"641","ÉVREUX-NORMANDIE","PARIS-ST-LAZARE","08h37","09h52","A l'heure",0,"","23 janvier 2024%"
"642","CHERBOURG","PARIS-ST-LAZARE","06h46","09h57","A l'heure",0,"","23 janvier 2024%"
"643","CAEN","PARIS-ST-LAZARE","08h25","10h32","A l'heure",0,"","23 janvier 2024%"
"644","CAEN","PARIS-ST-LAZARE","09h06","11h04","A l'heure",0,"","23 janvier 2024%"
"645","CHERBOURG","PARIS-ST-LAZARE","08h54","12h02","A l'heure",0,"","23 janvier 2024%"
"646","TROUVILLE-DEAUVILLE","PARIS-ST-LAZARE","10h22","12h32","Non",39,"Conséquence de l'application d'une procédure de dépannage sur le train n°3371 en gare d'Aubergenville","23 janvier 2024%"
"647","ÉVREUX-NORMANDIE","PARIS-ST-LAZARE","12h34","13h51","A l'heure",0,"","23 janvier 2024%"
"648","CHERBOURG","PARIS-ST-LAZARE","10h48","14h02","A l'heure",0,"","23 janvier 2024%"
"649","ÉVREUX-NORMANDIE","PARIS-ST-LAZARE","14h29","15h51","A l'heure",0,"","23 janvier 2024%"
"650","CHERBOURG","PARIS-ST-LAZARE","12h48","15h56","A l'heure",0,"","23 janvier 2024%"
"651","CAEN","PARIS-ST-LAZARE","14h25","16h31","A l'heure",0,"","23 janvier 2024%"
"652","ÉVREUX-NORMANDIE","PARIS-ST-LAZARE","16h28","17h48","A l'heure",0,"","23 janvier 2024%"
"653","ÉVREUX-NORMANDIE","PARIS-ST-LAZARE","17h34","18h55","A l'heure",0,"","23 janvier 2024%"
"654","CAEN","PARIS-ST-LAZARE","16h57","19h01","A l'heure",0,"","23 janvier 2024%"
"655","TROUVILLE-DEAUVILLE","PARIS-ST-LAZARE","17h22","19h30","A l'heure",0,"","23 janvier 2024%"
"656","CHERBOURG","PARIS-ST-LAZARE","16h47","19h56","A l'heure",0,"","23 janvier 2024%"
"657","CHERBOURG","PARIS-ST-LAZARE","17h39","21h03","A l'heure",0,"","23 janvier 2024%"
"658","ÉVREUX-NORMANDIE","PARIS-ST-LAZARE","20h35","21h53","A l'heure",0,"","23 janvier 2024%"
"659","CHERBOURG","PARIS-ST-LAZARE","19h17","23h24","A l'heure",0,"","23 janvier 2024%"
"660","PARIS-ST-LAZARE","CHERBOURG","06h12","09h36","A l'heure",0,"","23 janvier 2024%"
"661","PARIS-ST-LAZARE","ÉVREUX-NORMANDIE","07h09","08h24","A l'heure",0,"","23 janvier 2024%"
"662","PARIS-ST-LAZARE","TROUVILLE-DEAUVILLE","07h27","09h40","Non",53,"Application d'une procédure de dépannage en gare d'Aubergenville","23 janvier 2024%"
"663","PARIS-ST-LAZARE","CAEN","08h29","10h36","Non",8,"Conséquence de l'application d'une procédure de dépannage sur le train n°3371 en gare d'Aubergenville","23 janvier 2024%"
"664","PARIS-ST-LAZARE","ÉVREUX-NORMANDIE","09h10","10h24","A l'heure",0,"","23 janvier 2024%"
"665","PARIS-ST-LAZARE","CAEN","09h59","12h03","A l'heure",0,"","23 janvier 2024%"
"666","PARIS-ST-LAZARE","CHERBOURG","10h59","14h06","A l'heure",0,"","23 janvier 2024%"
"667","PARIS-ST-LAZARE","ÉVREUX-NORMANDIE","11h09","12h24","A l'heure",0,"","23 janvier 2024%"
"668","PARIS-ST-LAZARE","TROUVILLE-DEAUVILLE","12h30","14h37","A l'heure",0,"","23 janvier 2024%"
"669","PARIS-ST-LAZARE","CHERBOURG","12h59","16h06","A l'heure",0,"","23 janvier 2024%"
"670","PARIS-ST-LAZARE","ÉVREUX-NORMANDIE","13h10","14h25","A l'heure",0,"","23 janvier 2024%"
"671","PARIS-ST-LAZARE","CAEN","13h56","16h02","A l'heure",0,"","23 janvier 2024%"
"672","PARIS-ST-LAZARE","ÉVREUX-NORMANDIE","15h09","16h24","A l'heure",0,"","23 janvier 2024%"
"673","PARIS-ST-LAZARE","CHERBOURG","15h58","19h06","A l'heure",0,"","23 janvier 2024%"
"674","PARIS-ST-LAZARE","TROUVILLE-DEAUVILLE","16h08","18h20","A l'heure",0,"","23 janvier 2024%"
"675","PARIS-ST-LAZARE","SERQUIGNY","16h30","18h16","A l'heure",0,"","23 janvier 2024%"
"676","PARIS-ST-LAZARE","CHERBOURG","16h59","20h16","A l'heure",0,"","23 janvier 2024%"
"677","PARIS-ST-LAZARE","CAEN","17h09","19h16","A l'heure",0,"","23 janvier 2024%"
"678","PARIS-ST-LAZARE","SERQUIGNY","17h30","19h20","Non",7,"","23 janvier 2024%"
"679","PARIS-ST-LAZARE","CHERBOURG","17h59","21h15","A l'heure",0,"","23 janvier 2024%"
"680","PARIS-ST-LAZARE","CAEN","18h08","20h21","Non",38,"Conséquence du heurt d'un animal par un train d'une autre ligne entre Lisieux et Mézidon","23 janvier 2024%"
"681","PARIS-ST-LAZARE","SERQUIGNY","18h30","20h20","Non",20,"","23 janvier 2024%"
"682","PARIS-ST-LAZARE","CHERBOURG","18h59","22h20","Non",8,"","23 janvier 2024%"
"683","PARIS-ST-LAZARE","TROUVILLE-DEAUVILLE","19h08","21h23","Non",12,"","23 janvier 2024%"
"684","PARIS-ST-LAZARE","ÉVREUX-NORMANDIE","19h30","20h49","A l'heure",0,"","23 janvier 2024%"
"685","PARIS-ST-LAZARE","CAEN","19h59","22h02","A l'heure",0,"","23 janvier 2024%"
"686","ARGENTAN","PARIS-VAUGIRARD","06h12","08h16","A l'heure",0,"","23 janvier 2024%"
"687","GRANVILLE","PARIS-MONTPARNASSE","05h56","09h17","A l'heure",0,"","23 janvier 2024%"
"688","GRANVILLE","PARIS-MONTPARNASSE","09h00","12h06","A l'heure",0,"","23 janvier 2024%"
"689","ARGENTAN","PARIS-VAUGIRARD","12h12","14h15","A l'heure",0,"","23 janvier 2024%"
"690","GRANVILLE","PARIS-MONTPARNASSE","11h56","15h06","A l'heure",0,"","23 janvier 2024%"
"691","GRANVILLE","PARIS-MONTPARNASSE","15h53","19h15","A l'heure",0,"","23 janvier 2024%"
"692","GRANVILLE","PARIS-MONTPARNASSE","18h50","22h06","A l'heure",0,"","23 janvier 2024%"
"693","PARIS-MONTPARNASSE","GRANVILLE","07h32","10h50","A l'heure",0,"","23 janvier 2024%"
"694","PARIS-MONTPARNASSE","ARGENTAN","09h45","11h40","A l'heure",0,"","23 janvier 2024%"
"695","PARIS-MONTPARNASSE","GRANVILLE","10h54","13h54","A l'heure",0,"","23 janvier 2024%"
"696","PARIS-MONTPARNASSE","GRANVILLE","13h54","17h00","A l'heure",0,"","23 janvier 2024%"
"697","PARIS-VAUGIRARD","GRANVILLE","17h13","20h39","A l'heure",0,"","23 janvier 2024%"
"698","PARIS-MONTPARNASSE","ARGENTAN","18h13","20h21","A l'heure",0,"","23 janvier 2024%"
"699","PARIS-MONTPARNASSE","GRANVILLE","19h43","23h05","A l'heure",0,"","23 janvier 2024%"
